loan_amnt,funded_amnt,funded_amnt_inv,term,int_rate,installment,grade,sub_grade,emp_title,emp_length,home_ownership,annual_inc,verification_status,issue_d,loan_status,pymnt_plan,desc,purpose,title,zip_code,addr_state,dti,delinq_2yrs,earliest_cr_line,inq_last_6mths,mths_since_last_delinq,mths_since_last_record,open_acc,pub_rec,revol_bal,revol_util,total_acc,initial_list_status,out_prncp,out_prncp_inv,total_pymnt,total_pymnt_inv,total_rec_prncp,total_rec_int,total_rec_late_fee,recoveries,collection_recovery_fee,last_pymnt_d,last_pymnt_amnt,last_credit_pull_d,collections_12_mths_ex_med,policy_code,application_type,acc_now_delinq,chargeoff_within_12_mths,delinq_amnt,pub_rec_bankruptcies,tax_liens,hardship_flag,disbursement_method,debt_settlement_flag,debt_settlement_flag_date,settlement_status,settlement_date,settlement_amount,settlement_percentage,settlement_term
5000,5000,4975.0,36 months,10.65%,162.87,B,B2,,10+ years,RENT,24000.0,Verified,Dec-2011,Fully Paid,n,Borrower added on 12/22/11 > I need to upgrade my business technologies.<br>,credit_card,Computer,860xx,AZ,27.65,0,Jan-1985,1,,,3,0,13648,83.7%,9,f,0.0,0.0,5863.1551866952,5833.84,5000.0,863.16,0.0,0.0,0.0,Jan-2015,171.62,Feb-2018,0,1,Individual,0,0,0,0,0,N,Cash,N,,,,,,
2500,2500,2500.0,62 months,15.27%,59.83,C,C4,Ryder,< 1 year,RENT,30000.0,Source Verified,Dec-2011,Charged Off,n,Borrower added on 12/22/11 > I plan to use this money to finance the motorcycle i am looking at. I plan to have it paid off as soon as possible/when i sell my old bike. I only need this money because the deal im looking at is to good to pass up.<br><br>  Borrower added on 12/22/11 > I plan to use this money to finance the motorcycle i am looking at. I plan to have it paid off as soon as possible/when i sell my old bike.I only need this money because the deal im looking at is to good to pass up. I have finished college with an associates degree in business and its takingmeplaces<br>,car,bike,309xx,GA,1.0,0,Apr-1999,5,,,3,0,1687,9.4%,4,f,0.0,0.0,1014.53,1014.53,456.46,435.17,0.0,122.9,1.11,Apr-2013,119.66,Oct-2016,0,1,Individual,0,0,0,0,0,N,Cash,N,,,,,,
2400,2400,2400.0,36 months,15.95%,84.33,C,C5,,10+ years,RENT,12252.0,Not Verified,Dec-2011,Fully Paid,n,,small_business,real estate business,606xx,IL,8.72,0,Nov-2001,2,,,2,0,2956,98.5%,10,f,0.0,0.0,3005.6668441393,3005.67,2400.0,605.67,0.0,0.0,0.0,Jun-2014,649.91,Jun-2018,0,1,Individual,0,0,0,0,0,N,Cash,N,,,,,,
10000,10000,10000.0,36 months,13.49%,339.31,C,C1,AIR RESOURCES BOARD,10+ years,RENT,49200.0,Source Verified,Dec-2011,Fully Paid,n,"Borrower added on 12/21/11 > to pay for property tax (borrow from friend, need to pay back) & central A/C need to be replace. I'm very sorry to let my loan expired last time.<br>",other,personel,917xx,CA,20.0,0,Feb-1996,1,35.0,,10,0,5598,21%,37,f,0.0,0.0,12231.890000000902,12231.89,10000.0,2214.92,16.97,0.0,0.0,Jan-2015,357.48,Apr-2016,0,1,Individual,0,0,0,0,0,N,Cash,N,,,,,,
3000,3000,3000.0,60 months,12.69%,67.79,B,B5,University Medical Group,1 year,RENT,80000.0,Source Verified,Dec-2011,Fully Paid,n,"Borrower added on 12/21/11 > I plan on combining three large interest bills together and freeing up some extra each month to pay toward other bills.  I've always been a good payor but have found myself needing to make adjustments to my budget due to a medical scare. My job is very stable, I love it.<br>",other,Personal,972xx,OR,17.94,0,Jan-1996,0,38.0,,15,0,27783,53.9%,38,f,0.0,0.0,4066.9081610816997,4066.91,3000.0,1066.91,0.0,0.0,0.0,Jan-2017,67.3,Jan-2017,0,1,Individual,0,0,0,0,0,N,Cash,N,,,,,,
5000,5000,5000.0,36 months,7.90%,156.46,A,A4,Veolia Transportaton,3 years,RENT,36000.0,Source Verified,Dec-2011,Fully Paid,n,,wedding,My wedding loan I promise to pay back,852xx,AZ,11.2,0,Nov-2004,3,,,9,0,7963,28.3%,12,f,0.0,0.0,5632.209999999401,5632.21,5000.0,632.21,0.0,0.0,0.0,Jan-2015,161.03,Feb-2017,0,1,Individual,0,0,0,0,0,N,Cash,N,,,,,,
7000,7000,7000.0,60 months,15.96%,170.08,C,C5,Southern Star Photography,8 years,RENT,47004.0,Not Verified,Dec-2011,Fully Paid,n,"Borrower added on 12/18/11 > I am planning on using the funds to pay off two retail credit cards with 24.99% interest rates, as well as a major bank credit card with a 18.99% rate.  I pay all my bills on time, looking for a lower combined payment and lower monthly payment.<br>",debt_consolidation,Loan,280xx,NC,23.51,0,Jul-2005,1,,,7,0,17726,85.6%,11,f,0.0,0.0,10137.840007529006,10137.84,7000.0,3137.84,0.0,0.0,0.0,May-2016,1313.76,Sep-2016,0,1,Individual,0,0,0,0,0,N,Cash,N,,,,,,
3000,3000,3000.0,36 months,18.64%,109.43,E,E1,MKC Accounting,9 years,RENT,48000.0,Source Verified,Dec-2011,Fully Paid,n,Borrower added on 12/16/11 > Downpayment for a car.<br>,car,Car Downpayment,900xx,CA,5.35,0,Jan-2007,2,,,4,0,8221,87.5%,4,f,0.0,0.0,3939.1352939056983,3939.14,3000.0,939.14,0.0,0.0,0.0,Jan-2015,111.34,Dec-2014,0,1,Individual,0,0,0,0,0,N,Cash,N,,,,,,
5600,5600,5600.0,60 months,21.28%,152.39,F,F2,,4 years,OWN,40000.0,Source Verified,Dec-2011,Charged Off,n,Borrower added on 12/21/11 > I own a small home-based judgment collection business. I have 5 years experience collecting debts. I am now going from a home office to a small office. I also plan to buy a small debt portfolio (eg. $10K for $1M of debt) <br>My score is not A+ because I own my home and have no mortgage.<br>,small_business,Expand Business & Buy Debt Portfolio,958xx,CA,5.55,0,Apr-2004,2,,,11,0,5210,32.6%,13,f,0.0,0.0,647.5,647.5,162.02,294.94,0.0,190.54,2.09,Apr-2012,152.39,Oct-2016,0,1,Individual,0,0,0,0,0,N,Cash,N,,,,,,
5375,5375,5350.0,60 months,12.69%,121.45,B,B5,Starbucks,< 1 year,RENT,15000.0,Verified,Dec-2011,Charged Off,n,"Borrower added on 12/16/11 > I'm trying to build up my credit history. I live with my brother and have no car payment or credit cards. I am in community college and work full time. Im going to use the money to make some repairs around the house and get some maintenance done on my car.<br><br>  Borrower added on 12/20/11 > $1000 down only $4375 to go. Thanks to everyone that invested so far, looking forward to surprising my brother with the fixes around the house.<br>",other,Building my credit history.,774xx,TX,18.08,0,Sep-2004,0,,,2,0,9279,36.5%,3,f,0.0,0.0,1484.59,1477.7,673.48,533.42,0.0,277.69,2.52,Nov-2012,121.45,Dec-2016,0,1,Individual,0,0,0,0,0,N,Cash,N,,,,,,
6500,6500,6500.0,60 months,14.65%,153.45,C,C3,Southwest Rural metro,5 years,OWN,72000.0,Not Verified,Dec-2011,Fully Paid,n,"Borrower added on 12/15/11 > I had recived a loan from Citi Financial about a year ago, I was paying 29.99 intrest, so the refinance is to cut that rate since cleaning up my credit I have been paying everything on time as shown on my credit report<br>",debt_consolidation,High intrest Consolidation,853xx,AZ,16.12,0,Jan-1998,2,,,14,0,4032,20.6%,23,f,0.0,0.0,7678.0176729717,7678.02,6500.0,1178.02,0.0,0.0,0.0,Jun-2013,1655.54,Aug-2017,0,1,Individual,0,0,0,0,0,N,Cash,N,,,,,,
12000,12000,12000.0,36 months,12.69%,402.54,B,B5,UCLA,10+ years,OWN,75000.0,Source Verified,Dec-2011,Fully Paid,n,,debt_consolidation,Consolidation,913xx,CA,10.78,0,Oct-1989,0,,,12,0,23336,67.1%,34,f,0.0,0.0,13947.989155158899,13947.99,12000.0,1947.99,0.0,0.0,0.0,Sep-2013,6315.3,Aug-2013,0,1,Individual,0,0,0,0,0,N,Cash,N,,,,,,
9000,9000,9000.0,36 months,13.49%,305.38,C,C1,Va. Dept of Conservation/Recreation,< 1 year,RENT,30000.0,Source Verified,Dec-2011,Charged Off,n,Borrower added on 12/15/11 > Plan to pay off 2 charge accounts. I will close one of them and ask for a credit line decrease from the other. Also borrowed money from a friend and would like to pay that off.......<br><br>  Borrower added on 12/17/11 > The credit card that I am asking to be decreased will be ONLY for emergency purposes.....<br>,debt_consolidation,freedom,245xx,VA,10.08,0,Apr-2004,1,,,4,0,10452,91.7%,9,f,0.0,0.0,2277.32,2277.32,1256.14,570.26,0.0,450.92,4.16,Jul-2012,305.38,Oct-2016,0,1,Individual,0,0,0,0,0,N,Cash,N,,,,,,
3000,3000,3000.0,36 months,9.91%,96.68,B,B1,Target,3 years,RENT,15000.0,Source Verified,Dec-2011,Fully Paid,n,"Borrower added on 12/19/11 > I intend to pay this debt off within half the time allotted.Home-brewer investing in equipment, hopefully someday a brewpub owner with delicious beers to sell and locally grown produced meat and vegetables.So, this is my start, and thank you for lending! One day I will repay the favor and lend back<br>",credit_card,citicard fund,606xx,IL,12.56,0,Jul-2003,2,,,11,0,7323,43.1%,11,f,0.0,0.0,3480.2699994228,3480.27,3000.0,480.27,0.0,0.0,0.0,Jan-2015,102.43,Apr-2017,0,1,Individual,0,0,0,0,0,N,Cash,N,,,,,,
10000,10000,10000.0,36 months,10.65%,325.74,B,B2,SFMTA,3 years,RENT,100000.0,Source Verified,Dec-2011,Charged Off,n,,other,Other Loan,951xx,CA,7.06,0,May-1991,2,,,14,0,11997,55.5%,29,f,0.0,0.0,7471.99,7471.99,5433.47,1393.42,0.0,645.1,6.3145,Oct-2013,325.74,Oct-2016,0,1,Individual,0,0,0,0,0,N,Cash,N,,,,,,
1000,1000,1000.0,36 months,16.29%,35.31,D,D1,Internal revenue Service,< 1 year,RENT,28000.0,Not Verified,Dec-2011,Fully Paid,n,,debt_consolidation,Debt Consolidation Loan,641xx,MO,20.31,0,Sep-2007,1,,,11,0,6524,81.5%,23,f,0.0,0.0,1270.71694152,1270.72,1000.0,270.72,0.0,0.0,0.0,Jan-2015,36.32,Feb-2018,0,1,Individual,0,0,0,0,0,N,Cash,N,,,,,,
10000,10000,10000.0,36 months,15.27%,347.98,C,C4,Chin's Restaurant,4 years,RENT,42000.0,Not Verified,Dec-2011,Fully Paid,n,,home_improvement,Home,921xx,CA,18.6,0,Oct-1998,2,61.0,,14,0,24043,70.2%,28,f,0.0,0.0,12527.1500000008,12527.15,10000.0,2527.15,0.0,0.0,0.0,Jan-2015,370.46,Sep-2017,0,1,Individual,0,0,0,0,0,N,Electronic,N,,,,,,
3600,3600,3600.0,36 months,6.03%,109.57,A,A1,Duracell,10+ years,MORTGAGE,110000.0,Not Verified,Dec-2011,Fully Paid,n,Borrower added on 12/15/11 > Payoff other lending club acct and pull out money for purchase<br><br> Borrower added on 12/15/11 > payoff current lending club account and take money for purchase<br>,major_purchase,Holiday,067xx,CT,10.52,0,Aug-1993,0,,,20,0,22836,16%,42,f,0.0,0.0,3785.2719647105,3785.27,3600.0,185.27,0.0,0.0,0.0,May-2013,583.45,May-2014,0,1,Individual,0,0,0,0,0,N,Cash,N,,,,,,
6000,6000,6000.0,36 months,11.71%,198.46,B,B3,Connection Inspection,1 year,MORTGAGE,84000.0,Verified,Dec-2011,Fully Paid,n,Borrower added on 12/16/11 > This is a loan i am really looking forward to it will help me and my whole family.  thank you<br><br> Borrower added on 12/18/11 > This loan is for a medical procedure I've been waiting 3 years for hope to get it!! Thanks.<br>,medical,Medical,890xx,UT,18.44,2,Oct-2003,0,8.0,,4,0,0,37.73%,14,f,0.0,0.0,7167.0728927666005,7167.07,6000.0,1152.07,15.000000030499999,0.0,0.0,Feb-2015,16.98,Jul-2015,0,1,Individual,0,0,0,0,0,N,Cash,N,,,,,,
9200,9200,9200.0,36 months,6.03%,280.01,A,A1,Network Interpreting Service,6 years,RENT,77385.19,Not Verified,Dec-2011,Fully Paid,n,,debt_consolidation,lowerratemeanseasiertogetoutofdebt!,921xx,CA,9.86,0,Jan-2001,0,,,8,0,7314,23.1%,28,f,0.0,0.0,9460.0008480671,9460.0,9200.0,260.0,0.0,0.0,0.0,Jul-2012,8061.1,Feb-2016,0,1,Individual,0,0,0,0,0,N,Cash,N,,,,,,
20250,20250,19142.16107714741,60 months,15.27%,484.63,C,C3,Archdiocese of Galveston Houston,3 years,RENT,43370.0,Verified,Dec-2011,Fully Paid,n,"After amassing credit card debt through several years of college, I now have spending under control and a stable job. With this loan I plan to pay off all the credit cards and close them down immediately. I have a good balance between living expenses and debt repayment.<br> Over several years in college I amassed a large debt in credit cards.  Now that I have a stable job and spending under control I will use this loan to consolidate credit card debt and to close them immediately.  I never miss payments and I follow a strict monthly budget of $1,350 in living expenses and a $339 car note.  I have enough in savings to cover 6 months of all expenses, including this loan payment.  Absolutely every other dollar is dedicated to debt repayment.  Please let me know if you have any other questions.<br> Borrower added on 12/15/11 > Over several years in college I amassed a large debt in credit cards.  Now that I have a stable job and spending under control I will use this loan to consolidate credit card debt and to close them immediately.  I never miss payments and I follow a strict monthly budget of $1,350 in living expenses and a $339 car note.  I have enough in savings to cover 6 months of all expenses, including this loan payment.  Absolutely every other dollar is dedicated to debt repayment.<br><br>Please let me know if you have any other questions.<br><br> Borrower added on 12/16/11 > After amassing credit card debt from years in college I have put spending under control. With my stable job, I hope to use this loan to pay off all the credit cards and close them down immediately. My monthly income is balanced between living expenses and loan repayment.  Thank you!<br><br> Borrower added on 12/16/11 > After amassing credit card debt through several years of college, I now have spending under control and a stable job.  With this loan I plan to pay off all the credit cards and close them down immediately.  I have a good balance between living expenses and debt repayment.<br>",debt_consolidation,Freedom From Credit Cards,770xx,TX,26.53,0,Nov-1997,3,,,8,0,17813,85.6%,22,f,0.0,0.0,27679.04999702957,25433.6,20250.0,7429.05,0.0,0.0,0.0,Aug-2015,6024.09,Jun-2016,0,1,Individual,0,0,0,0,0,N,Cash,N,,,,,,
21000,21000,21000.0,36 months,12.42%,701.73,B,B4,Osram Sylvania,10+ years,RENT,105000.0,Verified,Dec-2011,Charged Off,n,Borrower added on 12/16/11 > Decided to clean up the debt and get my finances together.  Thank you for your consideration.<br>,debt_consolidation,Debt Cleanup,335xx,FL,13.22,0,Feb-1983,0,,,7,0,32135,90.3%,38,f,0.0,0.0,14034.6,14034.6,10694.96,3330.44,0.0,9.2,0.0,Sep-2013,701.73,Feb-2017,0,1,Individual,0,0,0,0,0,N,Cash,N,,,,,,
10000,10000,10000.0,36 months,11.71%,330.76,B,B3,Value Air,10+ years,OWN,50000.0,Source Verified,Dec-2011,Fully Paid,n,"Borrower added on 12/17/11 > Have a stable job, will be absolutely no problem making monthly payments.  Loan will be used to close high interest credit card accounts on which I've never had a late payment.<br>",credit_card,Credit Card Loan,799xx,TX,11.18,0,Jul-1985,0,,,8,0,10056,82.4%,21,f,0.0,0.0,11907.3500000015,11907.35,10000.0,1907.35,0.0,0.0,0.0,Jan-2015,349.21,Jan-2018,0,1,Individual,0,0,0,0,0,N,Cash,N,,,,,,
10000,10000,10000.0,36 months,11.71%,330.76,B,B3,Wells Fargo Bank,5 years,RENT,50000.0,Not Verified,Dec-2011,Fully Paid,n,,debt_consolidation,Debt Consolidation,917xx,CA,16.01,0,Apr-2003,0,,,6,0,17800,91.8%,17,f,0.0,0.0,11540.8919774065,11540.89,10000.0,1540.89,0.0,0.0,0.0,Oct-2013,4942.63,Mar-2014,0,1,Individual,0,0,0,0,0,N,Cash,N,,,,,,
6000,6000,6000.0,36 months,11.71%,198.46,B,B3,bmg-educational,1 year,RENT,76000.0,Not Verified,Dec-2011,Charged Off,n,,major_purchase,cash,900xx,CA,2.4,0,Jun-2001,1,,,7,0,5963,29.7%,7,f,0.0,0.0,2055.85,2055.85,1305.58,475.25,0.0,275.02,2.57,Oct-2012,198.46,Oct-2016,0,1,Individual,0,0,0,0,0,N,Cash,N,,,,,,
15000,15000,15000.0,36 months,9.91%,483.38,B,B1,Winfield Pathology Consultants,2 years,MORTGAGE,92000.0,Verified,Dec-2011,Fully Paid,n,,credit_card,No more credit card debt!,605xx,IL,29.44,0,Feb-2002,0,,,8,0,13707,93.9%,31,f,0.0,0.0,15823.9990494149,15824.0,15000.0,824.0,0.0,0.0,0.0,Sep-2012,2447.05,Sep-2012,0,1,Individual,0,0,0,0,0,N,Cash,N,,,,,,
15000,15000,8725.0,36 months,14.27%,514.64,C,C2,nyc transit,9 years,RENT,60000.0,Not Verified,Dec-2011,Charged Off,n,Borrower added on 12/15/11 > looking to consolidate into just one monthly payment<br>,debt_consolidation,consolidation,103xx,NY,15.22,0,Oct-2003,1,,,7,0,5872,57.6%,11,f,0.0,0.0,0.0,0.0,0.0,0.0,0.0,0.0,0.0,,0.0,Feb-2018,0,1,Individual,0,0,0,0,0,N,Cash,N,,,,,,
5000,5000,5000.0,60 months,16.77%,123.65,D,D2,Frito Lay,2 years,RENT,50004.0,Not Verified,Dec-2011,Charged Off,n,Borrower added on 12/16/11 > I have a stable job where I will never get laid off.<br><br> Borrower added on 12/16/11 > I need the loan to pay for some recent medical expenses and I need to get my car fixed.<br>,other,Other,150xx,PA,13.97,3,Oct-2003,0,20.0,,14,0,4345,59.5%,22,f,0.0,0.0,1611.16,1611.16,629.05,719.11,0.0,263.0,2.3,Dec-2012,123.65,Oct-2016,0,1,Individual,0,0,0,0,0,N,Cash,N,,,,,,
4000,4000,4000.0,36 months,11.71%,132.31,B,B3,Shands Hospital at the University of Fl,10+ years,MORTGAGE,106000.0,Not Verified,Dec-2011,Fully Paid,n,,debt_consolidation,Debt Consolidation,326xx,FL,5.63,1,Aug-1984,0,18.0,,12,0,6110,37.7%,44,f,0.0,0.0,4486.293519007,4486.29,4000.0,486.29,0.0,0.0,0.0,Apr-2013,2638.77,Feb-2018,0,1,Individual,0,0,0,0,0,N,Cash,N,,,,,,
8500,8500,8500.0,36 months,12.71%,281.15,B,B3,Oakridge homes,< 1 year,RENT,25000.0,Source Verified,Dec-2011,Fully Paid,n,Borrower added on 12/15/11 > My loan is for paying off my credit cards and being able to get a place to live since I live with my uncle at the moment and he needs me to leave. <br><br>  Borrower added on 12/17/11 > Im responsible and i pay my bills on time if not early. i have a great payment history. having this loan would really help me out. thank you<br>,credit_card,Credit card repayment loan,564xx,MN,12.19,0,Nov-2006,0,,,8,0,6441,59.1%,12,f,0.0,0.0,10126.088441154101,10126.09,8500.0,1626.09,0.0,0.0,0.0,Dec-2014,581.59,Jan-2015,0,1,Individual,0,0,0,0,0,N,Cash,N,,,,,,
4375,4375,4375.0,36 months,7.51%,136.11,A,A3,,7 years,MORTGAGE,17108.0,Source Verified,Dec-2011,Fully Paid,n,Borrower added on 12/17/11 > This loan is a great opportunity and will help me gain better control over my finances. The convenience of one payment and one rate will help me save money and create better opportunities for myself for future planning. My career and income are secure and I believe in financial responsibility.<br>,debt_consolidation,Debt Consolidation,141xx,NY,20.34,0,Dec-1987,0,,,6,0,11210,86.9%,12,f,0.0,0.0,4899.9599995808,4899.96,4375.0,524.96,0.0,0.0,0.0,Jan-2015,144.94,Jul-2017,0,1,Individual,0,0,0,0,0,N,Cash,N,,,,,,
31825,31825,31825.0,36 months,7.90%,995.82,A,A4,Audubon Mutual Housing Corporation,5 years,MORTGAGE,75000.0,Verified,Dec-2011,Fully Paid,n,"Borrower added on 12/15/11 > Hello<br>I plan to use my funds to pay off my credit cards 100%.  <br>I pay more in minimum payments now than my loan payment will be and you can see by my credit report that I always repay my debts.<br>I have a very secure job in property management.  I have been with the company for close to 6 years.<br><br> Borrower added on 12/16/11 > In addition to the other info provided I would like to add that a majority of our credit card debt was from overruns when we added an addition to our home.  Unfortunately to finish the job we needed to use credit cards as our home equity line was cut during after the real estate bubble burst.<br><br>  Borrower added on 12/17/11 > One more note regarding my credit card payments.  Currently I have close to $2000.00 dollars a month budgeted.  The less than $1,000.00 loan payment monthly will allow me to save a generous portion of my monthly budget, something I am looking forward to greatly.<br>",debt_consolidation,Debt Consolidation Loan,080xx,NJ,14.03,0,Nov-1981,0,,,12,0,23151,27.4%,26,f,0.0,0.0,34886.9137767411,34886.91,31825.0,3061.91,0.0,0.0,0.0,Aug-2013,16966.7,Jul-2017,0,1,Individual,0,0,0,0,0,N,Cash,N,,,,,,
10000,10000,9975.0,60 months,15.96%,242.97,C,C5,US Legal Support,2 years,RENT,29120.0,Verified,Dec-2011,Fully Paid,n,,debt_consolidation,Brown Eyes Loan,330xx,FL,22.83,0,Feb-1997,1,68.0,,11,0,16158,63.6%,31,f,0.0,0.0,14577.2188537574,14540.78,10000.0,4577.22,0.0,0.0,0.0,Jan-2017,241.99,Jan-2017,0,1,Individual,0,0,0,0,0,N,Cash,N,,,,,,
5000,5000,5000.0,36 months,8.90%,158.77,A,A5,Good Samaritan Society,2 years,RENT,24044.0,Verified,Dec-2011,Fully Paid,n,Borrower added on 12/16/11 > The purpose of this loan is to pay off a couple of high interest credicards and holidays expenses so I can start the new year having only one creditor. Thank you for making this possible.Merry Christmas e a Prosperous New Year to all. Thank you<br>,debt_consolidation,Consolidation,974xx,OR,11.93,0,Apr-2005,0,45.0,,8,0,2224,29.3%,16,f,0.0,0.0,5715.560000000101,5715.56,5000.0,715.56,0.0,0.0,0.0,Jan-2015,163.64,Dec-2016,0,1,Individual,0,0,0,0,0,N,Cash,N,,,,,,
7000,7000,7000.0,36 months,15.96%,245.97,C,C5,GREG BARRETT DRYWALL,7 years,RENT,34000.0,Source Verified,Dec-2011,Fully Paid,n,,credit_card,Credit Card Loan,934xx,CA,6.35,0,Oct-2007,1,,,6,0,6113,60.5%,6,f,0.0,0.0,8854.5100035237,8854.51,7000.0,1854.51,0.0,0.0,0.0,Jan-2015,260.74,Jun-2017,0,1,Individual,0,0,0,0,0,N,Cash,N,,,,,,
12400,12400,12400.0,36 months,12.65%,403.91,B,B2,Sharp Lawn Inc.,10+ years,RENT,41000.0,Not Verified,Dec-2011,Fully Paid,n,Borrower added on 12/16/11 > I plan to use the funding from this loan to pay off my credit cards in order to obtain lower interest rates and to have only one payment per month. I will be saving around $80 per month on interest including loan fees. I plan on using extra money to start an IRA. Worked at same business for 10 years<br>,credit_card,December 2011 Credit Card Loan,405xx,KY,11.8,0,Jul-2005,2,,,9,0,11095,57.2%,12,f,0.0,0.0,14540.6799940068,14540.68,12400.0,2140.68,0.0,0.0,0.0,Jan-2015,417.61,Feb-2018,0,1,Individual,0,0,0,0,0,N,Cash,N,,,,,,
10800,10800,10800.0,36 months,9.91%,348.03,B,B1,Department of Justice,2 years,RENT,55596.0,Source Verified,Dec-2011,Fully Paid,n,"Borrower added on 12/19/11 > I have a very stable job &amp; am moving to get a better position. Thanks for your help!<br><br>  Borrower added on 12/22/11 > Almost there, am ready to take care of business, Merry Christmas! ^_^<br>",moving,Moving to better job; help a veteran!,946xx,CA,5.5,0,Dec-2000,0,,,7,0,2535,13.3%,18,f,0.0,0.0,12159.186870273501,12159.19,10800.0,1359.19,0.0,0.0,0.0,Nov-2013,3483.79,Jan-2016,0,1,Individual,0,0,0,0,0,N,Cash,N,,,,,,
15000,15000,15000.0,36 months,7.90%,469.36,A,A4,Gateway Hospice,1 year,RENT,45000.0,Verified,Dec-2011,Fully Paid,n,Borrower added on 12/15/11 > I am looking to pay off all my credit cards and have one lump sum to pay each month.  I graduated with my masters 2 years ago.  It took me a year to find a good job and I have been with them for a year now.  The next thing for me to fix in my life is my credit situation.  If I can pay one lump sum I will be saving money each month.  I would really appreciate the consideration of being approved.<br>,debt_consolidation,Debt Consolidation Loan,445xx,OH,8.48,0,Nov-2004,0,,,7,0,6704,50.4%,27,f,0.0,0.0,16663.3440301468,16663.34,15000.0,1663.34,0.0,0.0,0.0,Jan-2014,5872.8,Jun-2016,0,1,Individual,0,0,0,0,0,N,Cash,N,,,,,,
6000,6000,6000.0,36 months,12.42%,200.5,B,B4,Cox Communications,1 year,RENT,36852.0,Source Verified,Dec-2011,Fully Paid,n,"Borrower added on 12/15/11 > This loan will be used to clear out my current credit cards to $0 balances and close them.  I have really high interest rates on them and chasing multiple minimum payments around is not working out so well.<br><br> Borrower added on 12/15/11 > I currently pay about $480 per month in minimums and have the lower interest rate is going to lower the payments so much, that i will actualy be paying this loan off in about half the time as ihave already learned to live with the 480 per month. <br><br>  Borrower added on 12/16/11 > For te consolidation of credit cards and to clear all revolving debt.<br>",debt_consolidation,Credit Card Consolidation,850xx,AZ,10.62,0,Apr-2007,1,,,7,0,7310,66.5%,12,f,0.0,0.0,7127.7220109071,7127.72,6000.0,1127.72,0.0,0.0,0.0,Apr-2014,1923.53,Sep-2017,0,1,Individual,0,0,0,0,0,N,Cash,N,,,,,,
12500,12500,12475.0,60 months,12.69%,282.44,B,B5,United States Infrastructure Corporation,1 year,RENT,27000.0,Verified,Dec-2011,Fully Paid,n,Borrower added on 12/20/11 > The purpose of this loan is to pay off my credit card debt. The remaining will go towards my student loan.<br>,debt_consolidation,Credit card debt,604xx,IL,16.04,0,Dec-2001,3,,,6,0,10143,50%,24,f,0.0,0.0,16945.875952545503,16911.98,12500.0,4445.88,0.0,0.0,0.0,Jan-2017,281.92,Dec-2016,0,1,Individual,0,0,0,0,0,N,Cash,N,,,,,,
9600,9600,9600.0,36 months,7.51%,298.67,A,A3,Nucor Building Systems,4 years,RENT,68004.0,Source Verified,Dec-2011,Fully Paid,n,Borrower added on 12/15/11 > Funds will be used for an upcoming wedding.<br>I have a very stable job and will have no problems paying back the funds.<br>,other,Other Loan,292xx,SC,6.63,0,Jan-2003,0,,,6,0,2896,18.1%,11,f,0.0,0.0,10751.8699722646,10751.87,9600.0,1151.87,0.0,0.0,0.0,Jan-2015,311.56,Dec-2014,0,1,Individual,0,0,0,0,0,N,Cash,N,,,,,,
12000,12000,12000.0,32 months,7.80%,375.49,A,A4,John Wiley Jr.,10+ years,RENT,62300.0,Not Verified,Dec-2011,Fully Paid,n,Borrower added on 12/15/11 > To be used to payoff high interest loans.<br>,debt_consolidation,Debt Consolidation,088xx,NJ,16.7,0,Mar-1994,0,38.0,,15,0,8601,21%,25,f,0.0,0.0,13517.359996974299,13517.36,12000.0,1517.36,0.0,0.0,0.0,Jan-2015,380.98,Feb-2018,0,1,Individual,0,0,0,0,0,N,Cash,N,,,,,,
3000,3000,3000.0,36 months,18.25%,108.84,D,D5,,9 years,MORTGAGE,65000.0,Not Verified,Dec-2011,Fully Paid,n,"Borrower added on 12/15/11 > Combination of things, including a higher-then expected school tax bill, short term year-end cashflow pinch. <br><br>I intend to pay this off ASAP, once one of my client projects wraps up. <br><br>My business is increasing steadily - recovering nicely from the credit crunch, which affected many of my clientele in 2009 &amp; 2010.<br><br>PS:  I've never been late with a payment. Ever. ;-)<br><br>Thank you ... and happy holidays!<br>",other,Year End Cleanup,180xx,PA,17.39,0,Sep-1998,0,,,8,0,43936,98.1%,22,f,0.0,0.0,3917.9499988035022,3917.95,3000.0,917.95,0.0,0.0,0.0,Jan-2015,115.38,Feb-2018,0,1,Individual,0,0,0,0,0,N,Cash,N,,,,,,
4400,4400,4400.0,36 months,16.77%,156.37,D,D2,citizens bank,10+ years,RENT,55000.0,Not Verified,Dec-2011,Fully Paid,n,,debt_consolidation,debt,029xx,RI,20.01,0,Jun-2004,0,,,7,0,25237,99%,11,f,0.0,0.0,5629.270000860601,5629.27,4400.0,1229.27,0.0,0.0,0.0,Jan-2015,162.44,Dec-2015,0,1,Individual,0,0,0,0,0,N,Cash,N,,,,,,
6000,6000,6000.0,36 months,6.03%,182.62,A,A1,"Stewart Enterprises, Inc.",10+ years,MORTGAGE,45600.0,Not Verified,Dec-2011,Fully Paid,n,Borrower added on 12/16/11 > Debt Consolidation Loan - Student Loan/Credit Card<br>,debt_consolidation,Debt-Consolidation,700xx,LA,5.34,0,Nov-1995,1,,,6,0,3378,32.5%,28,f,0.0,0.0,6065.86,6065.86,6000.0,65.86,0.0,0.0,0.0,Jul-2012,15.01,Jun-2012,0,1,Individual,0,0,0,0,0,N,Cash,N,,,,,,
14000,14000,14000.0,36 months,9.91%,451.15,B,B1,golfers warehouse,6 years,RENT,80000.0,Not Verified,Dec-2011,Fully Paid,n,Borrower added on 12/15/11 > i am opening a small business and need a small amount to finalize the process<br><br>  Borrower added on 12/17/11 > i have over 8 years of profesional experience in this low cost/high return market.  my employee has over 12 years experience as well.<br>,small_business,Small Business Loan,010xx,MA,10.0,0,Jul-1999,1,45.0,,7,0,2219,13.4%,40,f,0.0,0.0,16241.380002239604,16241.38,14000.0,2241.38,0.0,0.0,0.0,Jan-2015,457.91,Feb-2018,0,1,Individual,0,0,0,0,0,N,Cash,N,,,,,,
5000,5000,5000.0,36 months,8.90%,158.77,A,A5,STERIS Corporation,10+ years,MORTGAGE,100000.0,Source Verified,Dec-2011,Charged Off,n,,debt_consolidation,Debt Consolidation for a better life,441xx,OH,16.33,0,Jun-1995,0,,,17,0,74351,62.1%,35,f,0.0,0.0,5028.870000000001,5028.87,4217.38,696.99,0.0,114.5,1.07,Aug-2014,158.77,Oct-2016,0,1,Individual,0,0,0,0,0,N,Cash,N,,,,,,
10000,10000,10000.0,36 months,10.65%,325.74,B,B2,Costco Wholesale Corp.,6 years,RENT,27000.0,Verified,Dec-2011,Fully Paid,n,,other,Other Loan,104xx,NY,11.47,0,Nov-2006,0,,,7,0,7814,52.3%,10,f,0.0,0.0,11726.3200000003,11726.32,10000.0,1726.32,0.0,0.0,0.0,Jan-2015,332.92,Feb-2018,0,1,Individual,0,0,0,0,0,N,Cash,N,,,,,,
10000,10000,10000.0,36 months,6.03%,304.36,A,A1,Helicoil,10+ years,RENT,60000.0,Not Verified,Dec-2011,Fully Paid,n,,credit_card,Credit Card Loan,067xx,CT,12.74,0,Sep-1992,1,,,11,0,14019,19.5%,18,f,0.0,0.0,10282.705705536999,10282.71,10000.0,282.71,0.0,0.0,0.0,Jul-2012,8762.05,Oct-2016,0,1,Individual,0,0,0,0,0,N,Cash,N,,,,,,
11000,11000,11000.0,36 months,6.62%,337.75,A,A2,cognizant technology solutions,5 years,RENT,70000.0,Not Verified,Dec-2011,Fully Paid,n,,debt_consolidation,Debt Consolitation,061xx,CT,10.85,0,Jan-2002,0,,,5,0,11638,36.4%,7,f,0.0,0.0,12158.610001160301,12158.61,11000.0,1158.61,0.0,0.0,0.0,Jan-2015,346.13,Feb-2018,0,1,Individual,0,0,0,0,0,N,Cash,N,,,,,,
15000,15000,15000.0,36 months,9.91%,483.38,B,B1,Caterpillar Inc.,8 years,MORTGAGE,80000.0,Not Verified,Dec-2011,Charged Off,n,Borrower added on 12/15/11 > Using to pay off existing loans and credit card debt<br><br>  Borrower added on 12/16/11 > All are of a higher interest rate so this interest rate is substantionaly lower giving me peace of mind..<br><br>  Borrower added on 12/18/11 > My job is very stable and I have seniority over more than 80% of the workforce which makes it highly unlikely for me to get laid off..I made it through the 2008 economic downturn without a beat and I still have unlimited overtime oppurtunity<br>,debt_consolidation,Debt Consolidation Loan,616xx,IL,9.12,0,Apr-1992,2,,,9,0,11845,63.7%,28,f,0.0,0.0,16177.770000000002,16177.77,13556.45,2374.34,24.17,222.81,36.3708,Oct-2014,483.38,Oct-2016,0,1,Individual,0,0,0,0,0,N,Cash,N,,,,,,
25600,25600,25350.0,36 months,9.91%,824.96,B,B1,City of Santa Monica,9 years,RENT,110000.0,Verified,Dec-2011,Fully Paid,n,"Borrower added on 12/14/11 > I would like to clear my credit card balances and consolidate as single payment, I am in good standing on all my credits and never missed a payment.<br>",credit_card,Credit card refinance loan,913xx,CA,15.71,0,Jul-1999,0,,,11,0,26088,62%,27,f,0.0,0.0,29698.51000000091,29408.49,25600.0,4098.51,0.0,0.0,0.0,Jan-2015,838.27,Feb-2018,0,1,Individual,0,0,0,0,0,N,Cash,N,,,,,,
7000,7000,7000.0,36 months,10.65%,228.02,B,B2,Aerotek Scientific,< 1 year,RENT,40000.0,Not Verified,Dec-2011,Fully Paid,n,,debt_consolidation,Loan 12142011,947xx,CA,7.38,0,Apr-2004,0,,,7,0,12168,92.9%,12,f,0.0,0.0,8208.4100028986,8208.41,7000.0,1208.41,0.0,0.0,0.0,Jan-2015,240.27,Dec-2014,0,1,Individual,0,0,0,0,0,N,Cash,N,,,,,,
12000,12000,12000.0,36 months,15.96%,421.65,C,C5,Chemat Technology Inc,4 years,RENT,50000.0,Not Verified,Dec-2011,Charged Off,n,,car,Car Loan,914xx,CA,20.88,0,Oct-2006,2,,,11,0,15793,90.8%,11,f,0.0,0.0,3531.77,3531.77,1903.66,1039.35,0.0,588.76,5.49,Aug-2012,421.65,Oct-2016,0,1,Individual,0,0,0,0,0,N,Cash,N,,,,,,
12000,12000,12000.0,36 months,9.91%,386.7,B,B1,Scott & White,1 year,RENT,46000.0,Not Verified,Dec-2011,Fully Paid,n,"Borrower added on 12/19/11 > I got crazy with my credit cards in college and now its time to finally pay it all down. I just want a one stop shop to consolidate all my debt so I can feel like I actually am paying my cards down, and also so I can start saving.<br><br> Borrower added on 12/19/11 > Please help me to get rid of my credit card debt in 3 years or less. I've made the mistake of spending too much in college and now it's time to finally pay it all down! One monthly payment and a lower interest rate will definitely help me to reach my goal, and to really start saving for my future.<br>",credit_card,Credit Cards,765xx,TX,8.11,0,May-2000,1,,,11,0,12143,52.1%,12,f,0.0,0.0,13751.144738717,13751.14,12000.0,1751.14,0.0,0.0,0.0,Jul-2014,964.73,Nov-2017,0,1,Individual,0,0,0,0,0,N,Cash,N,,,,,,
21000,21000,20975.0,60 months,12.91%,555.33,E,E4,Costco,7 years,RENT,50000.0,Verified,Dec-2011,Charged Off,n,Borrower added on 12/20/11 > consolidation  of credit cards.<br>,debt_consolidation,Bill pay of,980xx,WA,21.58,0,Sep-1998,1,,,7,0,19448,97.6%,14,f,0.0,0.0,18325.89,18304.09,8990.81,9328.33,0.0,6.75,0.0,Oct-2014,555.33,Feb-2017,0,1,Individual,0,0,0,0,0,N,Cash,N,,,,,,
16000,16000,15950.0,60 months,19.91%,423.11,E,E4,CA Technologies,7 years,RENT,81000.0,Verified,Dec-2011,Fully Paid,n,"Borrower added on 12/16/11 > Will use this opportunity to consolidate my high interest debt obligations, a mojority of which were accrued during school years (undergraduate and graduate degree programs). <br><br>My credit history from the past 10+ years is testament to the fact that i have never missed a payment.<br>",credit_card,refinance debt,017xx,MA,20.52,0,Dec-1998,3,,,12,0,27884,75.1%,21,f,0.0,0.0,20882.097007608703,20816.84,16000.0,4882.1,0.0,0.0,0.0,Oct-2013,9931.02,Dec-2017,0,1,Individual,0,0,0,0,0,N,Cash,N,,,,,,
10000,10000,10000.0,36 months,12.42%,334.16,B,B4,Netflix,< 1 year,OWN,39000.0,Not Verified,Dec-2011,Fully Paid,n,,debt_consolidation,Debt Consolidation Loan,972xx,OR,18.58,0,Dec-2004,0,,,5,0,12874,72.7%,10,f,0.0,0.0,11477.1037847934,11477.1,10000.0,1477.1,0.0,0.0,0.0,Jul-2013,5803.94,Mar-2015,0,1,Individual,0,0,0,0,0,N,Cash,N,,,,,,
10000,10000,10000.0,36 months,10.65%,325.74,B,B2,DCAA,2 years,RENT,51400.0,Not Verified,Dec-2011,Fully Paid,n,"Borrower added on 12/21/11 > I plan to use the funds to pay off all of my credit card debt. I have always been a responsible individual, paid my bills on time, and have never been unemployed. I have a stable job in an in-demand industry. I keep a monthly budget of my income and expenses.<br>",credit_card,My End to Bad Spending Habits Plan,752xx,TX,19.14,0,Oct-2000,3,,,10,0,10160,59.1%,24,f,0.0,0.0,10576.4341135188,10576.43,10000.0,576.43,0.0,0.0,0.0,Aug-2012,8627.74,Sep-2014,0,1,Individual,0,0,0,0,0,N,Cash,N,,,,,,
7100,7100,7100.0,36 months,16.77%,252.33,D,D2,Triple D security,1 year,MORTGAGE,33000.0,Verified,Dec-2011,Fully Paid,n,I wna apply for $7100 loan to pay off all credit cards n line of credit I have n hospital bill. If I do get loan I can definitely pay the monthly payments back.<br> Borrower added on 12/14/11 > I only want a loan of $7100. If I can get this that would b great. <br>,debt_consolidation,To pay of all debt,787xx,TX,24.0,0,Apr-2007,2,,,4,0,6021,91.2%,8,f,0.0,0.0,9083.530004561999,9083.53,7100.0,1983.53,0.0,0.0,0.0,Jan-2015,262.78,Feb-2018,0,1,Individual,0,0,0,0,0,N,Cash,N,,,,,,
13000,13000,13000.0,60 months,12.69%,293.74,B,B5,wrisco,< 1 year,MORTGAGE,30000.0,Source Verified,Dec-2011,Fully Paid,n,Borrower added on 12/07/11 > plan to use the funds to pay off bills. always pay bills on time.  monthly budget will be minimal after consolidating. have good job<br>,debt_consolidation,Debt Consolidation Loan,077xx,NJ,13.72,0,May-2002,0,,,17,0,17080,58.9%,27,f,0.0,0.0,17402.2399867971,17402.24,13000.0,4402.24,0.0,0.0,0.0,Jan-2016,3596.46,Jan-2016,0,1,Individual,0,0,0,0,0,N,Cash,N,,,,,,
17500,8950,8925.0,60 months,17.27%,223.74,D,D3,,60 years,RENT,40000.0,Verified,Dec-2011,Fully Paid,n,"Borrower added on 11/28/11 > Thanks.<br> Borrower added on 12/05/11 > Hello,<br>I am in need of the money to purchase a tractor for my new business. I have a signed contract for guaranteed income for the next 5 years. Just need some extra support to get started. I appreciate the assistance.<br><br> Borrower added on 11/28/11 > Thanks.<br> Borrower added on 12/05/11 > Hello,<br>I am in need of the money to purchase a tractor for my new business. I have a signed contract for guaranteed income for the next 5 years. Just need some extra support to get started. I appreciate the assistance.<br>",small_business,Start Up,951xx,CA,19.47,0,May-2006,1,,,5,0,10724,58.9%,6,f,0.0,0.0,13227.100007269306,13190.15,8950.0,4277.1,0.0,0.0,0.0,Feb-2016,2487.58,Jan-2016,0,1,Individual,0,0,0,0,0,N,Cash,N,,,,,,
17675,17675,17675.0,60 months,14.65%,417.25,C,C3,webb candy,< 1 year,RENT,50000.0,Source Verified,Dec-2011,Fully Paid,n,"Borrower added on 12/07/11 > I am trying to wrap everything together - I currently pay well over 700 a month for this debt, and have NEVER been late.",debt_consolidation,Debt Consolidation Loan,540xx,WI,16.46,0,Jul-2002,2,,,6,0,6661,57.4%,14,f,0.0,0.0,21323.867488734,21323.87,17675.0,3648.87,0.0,0.0,0.0,Aug-2013,13814.81,Oct-2016,0,1,Individual,0,0,0,0,0,N,Cash,N,,,,,,
8000,8000,8000.0,36 months,16.77%,284.31,D,D2,Omniplex,< 10 year,RENT,62000.0,Not Verified,Dec-2011,Fully Paid,n,Borrower added on 12/16/11 > I am looking to pay down my high interest revolving credit card accounts in full with this loan<br>,debt_consolidation,Debt Consolidation Loan,225xx,VA,21.64,0,Jul-2006,3,,,14,0,6088,66.9%,20,f,0.0,0.0,10273.239999998399,10273.24,8000.0,2258.24,15.000000000014,0.0,0.0,Dec-2014,606.54,Mar-2017,0,1,Individual,0,0,0,0,0,N,Cash,N,,,,,,
10000,10000,9975.0,60 months,10.65%,215.69,B,B2,CEC ENTERTAINMENT INC,10+ years,RENT,45996.0,Verified,Dec-2011,Charged Off,n,,debt_consolidation,Consolidation,440xx,OH,21.73,0,May-1997,1,,,7,0,11170,30.1%,15,f,0.0,0.0,8772.91,8751.08,5495.38,2429.23,1.0,847.3,152.514,Apr-2015,1.0,Oct-2016,0,1,Individual,0,0,0,0,0,N,Cash,N,,,,,,
3500,3500,3500.0,36 months,10.65%,114.01,B,B2,CPI,7 years,MORTGAGE,55000.0,Not Verified,Dec-2011,Fully Paid,n,Borrower added on 12/15/11 > pay off credit cards<br>,debt_consolidation,blessings,437xx,OH,5.39,0,Oct-2005,1,,,9,0,6611,45.9%,12,f,0.0,0.0,4104.209999034,4104.21,3500.0,604.21,0.0,0.0,0.0,Jan-2015,118.32,Jan-2017,0,1,Individual,0,0,0,0,0,N,Cash,N,,,,,,
12500,8925,8925.0,60 months,17.27%,223.11,D,D3,grandma kitchen,5 years,RENT,30000.0,Source Verified,Dec-2011,Charged Off,n,Borrower added on 12/16/11 > So I can pay all my bills so I will have just one monthy payment .<br>,debt_consolidation,allen,559xx,MN,13.16,0,Apr-1995,0,,113.0,7,1,9844,70.8%,28,f,0.0,0.0,5577.750000000003,5577.75,2812.82,2742.43,0.0,22.5,0.0,Feb-2014,223.11,Feb-2018,0,1,Individual,0,0,0,1,0,N,Cash,N,,,,,,
16425,16425,16425.0,36 months,14.27%,563.53,C,C2,"Gen-Probe, Inc",4 years,RENT,44544.0,Source Verified,Dec-2011,Fully Paid,n,Borrower added on 12/14/11 > looking to find a loan to consolidate my credit card debts at a lower interest rate.  currently paying 700/month and have never missed a payment.  high interest rates make it hard to pay down the debt.<br>,debt_consolidation,New Start,921xx,CA,22.71,0,Oct-2002,1,,,10,0,15747,83.4%,18,f,0.0,0.0,18174.8288097539,18174.83,16425.0,1749.83,0.0,0.0,0.0,Nov-2012,13108.71,Oct-2016,0,1,Individual,0,0,0,0,0,N,Cash,N,,,,,,
8300,8200,8200.0,60 months,21.28%,223.14,F,F2,autozone,4 years,RENT,75000.0,Source Verified,Dec-2011,Charged Off,n,Borrower added on 12/15/11 > Business/credit card<br>,small_business,Small_Business Loan,912xx,CA,12.48,0,Jan-2000,3,,,6,0,9012,73.9%,11,f,0.0,0.0,4177.11,4177.11,1525.83,2265.85,0.0,385.43,3.6,Jun-2013,223.14,Oct-2016,0,1,Individual,0,0,0,0,0,N,Cash,N,,,,,,
15000,15000,15000.0,36 months,14.65%,517.42,C,C3,USAF Civil Service,2 years,OWN,61000.0,Verified,Dec-2011,Fully Paid,n,"Borrower added on 12/14/11 > I calculated refinancing would allow me to pay off my credit debt a year earlier and save around $6,000.  <br>",credit_card,Credit Refinance,325xx,FL,11.88,0,Jun-2004,1,,,8,0,19397,79.5%,18,f,0.0,0.0,18565.148040058797,18565.15,15000.0,3565.15,0.0,0.0,0.0,Sep-2014,2533.38,Feb-2018,0,1,Individual,0,0,0,0,0,N,Cash,N,,,,,,
20975,13575,13550.0,60 months,17.58%,341.63,D,D4,Dollar Tree Stores,5 years,MORTGAGE,44000.0,Verified,Dec-2011,Fully Paid,n,Borrower added on 12/18/11 > We are looking to consolidate and wipe out all of our exisiting credit card debt. With this loan we will be able to save several hundred dollars a month which we plan to put back into our budget as savings or investments.<br>,credit_card,Refinance Loan,300xx,GA,18.79,0,Apr-2000,0,,105.0,13,1,20657,79.4%,21,f,0.0,0.0,18112.4608655718,18079.1,13575.0,4537.46,0.0,0.0,0.0,Apr-2014,9245.21,Apr-2014,0,1,Individual,0,0,0,1,0,N,Cash,N,,,,,,
6400,6400,6400.0,36 months,16.77%,227.45,D,D2,"Riverside County, California",5 years,RENT,75000.0,Not Verified,Dec-2011,Charged Off,n,Borrower added on 12/14/11 > Debt consolidation<br>,debt_consolidation,Help,923xx,CA,20.22,0,Dec-1994,0,48.0,,9,0,7159,67.5%,27,f,0.0,0.0,4776.45,4776.45,3334.25,1431.91,0.0,10.29,0.0,Oct-2013,227.45,Apr-2017,0,1,Individual,0,0,0,0,0,N,Cash,N,,,,,,
3000,3000,3000.0,36 months,13.49%,101.8,C,C1,Insight Card Services,1 year,RENT,33600.0,Not Verified,Dec-2011,Fully Paid,n,,debt_consolidation,Credit Card Consolidation,352xx,AL,18.11,0,Oct-2005,0,41.0,,4,0,2745,83.2%,7,f,0.0,0.0,3247.8894775934996,3247.89,3000.0,247.89,0.0,0.0,0.0,Sep-2012,2539.58,Feb-2018,0,1,Individual,0,0,0,0,0,N,Cash,N,,,,,,
12000,12000,12000.0,36 months,16.77%,426.47,D,D2,Genocea Biosciences,3 years,RENT,50000.0,Not Verified,Dec-2011,Fully Paid,n,Borrower added on 12/14/11 > This loan is for credit card consolidation so that I can get on the path to making better financial decisions. Thank-you for funding me!<br><br>  Borrower added on 12/18/11 > I also want to  add that I have never been late with a bill payment and I will make sure your investment is well worth it. Thanks again for helping me out!<br>,credit_card,Credit Card Consolidation,013xx,MA,20.57,0,Sep-2005,1,,,13,0,11443,97%,19,f,0.0,0.0,15352.4799922908,15352.48,12000.0,3352.48,0.0,0.0,0.0,Jan-2015,441.52,Dec-2014,0,1,Individual,0,0,0,0,0,N,Cash,N,,,,,,
14400,14400,14400.0,36 months,8.90%,457.25,A,A5,Model Metrics,< 1 year,OWN,150000.0,Source Verified,Dec-2011,Fully Paid,n,Borrower added on 12/15/11 > I have some 0% interest store credit that is coming due.  Back interest of about $3500 would need to be paid and ongoing 17.99 APR.  I figure I could save about $5500 with this loan.  Thanks for your help.<br>,debt_consolidation,Credit Payoff 14400,146xx,NY,14.85,0,Dec-1994,0,,,12,0,63864,55%,38,f,0.0,0.0,16460.849998348,16460.85,14400.0,2060.85,0.0,0.0,0.0,Jan-2015,464.02,Dec-2014,0,1,Individual,0,0,0,0,0,N,Cash,N,,,,,,
12000,12000,12000.0,36 months,14.65%,413.94,C,C3,Boro of Butler,10+ years,RENT,90000.0,Not Verified,Dec-2011,Fully Paid,n,,debt_consolidation,Debt Consolidation Loan,074xx,NJ,16.56,0,Dec-1984,2,40.0,,12,0,17116,78.5%,36,f,0.0,0.0,12699.7120089012,12699.71,12000.0,699.71,0.0,0.0,0.0,Jun-2012,11046.6,Feb-2018,0,1,Individual,0,0,0,0,0,N,Cash,N,,,,,,
11000,11000,11000.0,36 months,13.49%,373.24,C,C1,TX Army National Guard,10+ years,MORTGAGE,48000.0,Verified,Dec-2011,Fully Paid,n,,debt_consolidation,Debt Consolidation,786xx,TX,21.82,0,Dec-1999,3,74.0,,15,0,11382,65%,29,f,0.0,0.0,13418.280003136999,13418.28,11000.0,2418.28,0.0,0.0,0.0,Oct-2014,1491.29,Oct-2014,0,1,Individual,0,0,0,0,0,N,Cash,N,,,,,,
7250,7200,7175.0,60 months,21.67%,197.51,F,F3,Cross Country Travel Corp,< 1 year,RENT,75000.0,Verified,Dec-2011,Fully Paid,n,"I have been steadily employed.  I am a hard worker and pay my bills on time. I would like to consolidate my credit card debt and buy a car that is more reliable (since mine is having transmission troubles) and more practical (with better gas mileage). I'd like to do this without increasing my monthly payment, which this will do, then I can choose to pay extra when possible.",debt_consolidation,Debt Consolidation Loan,937xx,CA,24.82,0,May-2000,2,,97.0,9,1,21706,91.2%,19,f,0.0,0.0,8204.7740891575,8176.29,7200.0,1004.77,0.0,0.0,0.0,Sep-2012,6824.7,Feb-2018,0,1,Individual,0,0,0,1,0,N,Cash,N,,,,,,
15000,15000,15000.0,36 months,7.90%,469.36,A,A4,Segovia's Transportion Inc.,1 year,MORTGAGE,52000.0,Not Verified,Dec-2011,Fully Paid,n,,small_business,Small_Business Loan,799xx,TX,9.65,0,Nov-2003,1,,,11,0,1616,6.7%,29,f,0.0,0.0,15557.6800842281,15557.68,15000.0,557.68,0.0,0.0,0.0,Aug-2012,312.74,Feb-2018,0,1,Individual,0,0,0,0,0,N,Cash,N,,,,,,
18009,18000,18000.0,60 months,19.91%,475.99,E,E4,AVMED HEALTH PLANS,10+ years,MORTGAGE,65000.0,Not Verified,Dec-2011,Fully Paid,n,Borrower added on 12/20/11 > I've been working for the same company for 22 yrs.<br>The funds will be used completely to pay all my debt.<br>,debt_consolidation,Debt Consolidation Loan,331xx,FL,6.81,0,Jun-1989,0,25.0,,10,0,11745,77.8%,40,f,0.0,0.0,26034.66002330465,26034.66,18000.0,8010.86,23.80000006407,0.0,0.0,Oct-2014,10783.73,Oct-2014,0,1,Individual,0,0,0,0,0,N,Cash,N,,,,,,
35000,22075,22050.0,60 months,17.27%,551.84,D,D3,tutor Per ini Corporation,3 years,MORTGAGE,150000.0,Verified,Dec-2011,Fully Paid,n,,home_improvement,Home improvement,115xx,NY,7.51,0,Jun-2003,1,35.0,,11,0,7334,53.3%,31,f,0.0,0.0,28887.1000680414,28854.39,22075.0,6812.1,0.0,0.0,0.0,Feb-2014,15660.22,Feb-2014,0,1,Individual,0,0,0,0,0,N,Cash,N,,,,,,
10000,10000,10000.0,36 months,14.27%,343.09,C,C2,SAP,2 years,RENT,68000.0,Source Verified,Dec-2011,Fully Paid,n,Borrower added on 12/14/11 > Consolidation of two credit cards with IR over 20%<br>,credit_card,CC Refi Loan,191xx,PA,15.39,0,Jul-2006,1,,,9,0,11303,81.3%,15,f,0.0,0.0,10672.8944317826,10672.89,10000.0,672.89,0.0,0.0,0.0,Jul-2012,8962.31,Feb-2013,0,1,Individual,0,0,0,0,0,N,Cash,N,,,,,,
11800,11800,11800.0,36 months,12.69%,395.83,B,B5,Koi Restaurant,6 years,RENT,42000.0,Source Verified,Dec-2011,Fully Paid,n,Loan for refinancing credit cards and finishing off all credit card debt.<br>  Borrower added on 12/17/11 > I expect to fully pay off the loan in under the stated term of 3 years.<br>,credit_card,Credit Card Refinancing,114xx,NY,9.86,0,Oct-1996,0,,,4,0,8940,74.8%,13,f,0.0,0.0,14249.8400071008,14249.84,11800.0,2449.84,0.0,0.0,0.0,Jan-2015,419.36,Feb-2018,0,1,Individual,0,0,0,0,0,N,Cash,N,,,,,,
4500,4500,4500.0,36 months,6.03%,136.96,A,A1,CaseStack,4 years,RENT,53000.0,Source Verified,Dec-2011,Fully Paid,n,,major_purchase,Auto Loan,908xx,CA,4.44,0,Oct-2000,0,,,7,0,8630,13.9%,17,f,0.0,0.0,4930.5558913289005,4930.56,4500.0,430.56,0.0,0.0,0.0,Jan-2015,138.95,Oct-2017,0,1,Individual,0,0,0,0,0,N,Cash,N,,,,,,
7000,7000,7000.0,36 months,12.69%,234.82,B,B5,Bellflower convalecent hospital,10+ years,RENT,35000.0,Source Verified,Dec-2011,Fully Paid,n,Borrower added on 12/14/11 > Pay my credit<br>,credit_card,I pay my all credit,902xx,CA,11.35,0,May-2000,2,53.0,,10,0,7649,82.3%,26,f,0.0,0.0,8453.2600013048,8453.26,7000.0,1453.26,0.0,0.0,0.0,Jan-2015,248.19,Nov-2015,0,1,Individual,0,0,0,0,0,N,Cash,N,,,,,,
9200,9200,9200.0,36 months,12.42%,307.43,B,B4,Kaiser Permanente,2 years,RENT,60000.0,Source Verified,Dec-2011,Fully Paid,n,Borrower added on 12/14/11 > Debt Consolidation<br>,debt_consolidation,Nissan Car Loan,902xx,CA,19.96,0,Oct-2002,3,,,8,0,23299,78.7%,19,f,0.0,0.0,10482.843889170501,10482.84,9200.0,1282.84,0.0,0.0,0.0,Jul-2013,365.48,Jul-2014,0,1,Individual,0,0,0,0,0,N,Cash,N,,,,,,
14000,14000,13975.0,60 months,17.27%,349.98,D,D3,community colleges of spokane,4 years,RENT,28000.0,Verified,Dec-2011,Fully Paid,n,Borrower added on 12/18/11 > most of my teeth need root canals and crowns. As far as day to day expenses goes I live a spartan life style buying only what I need saving money whenever possible. So that I can pay off my debt as quickly as possible.<br>,other,dental care,992xx,WA,6.34,0,Jul-2005,2,,,5,0,6986,79.4%,10,f,0.0,0.0,20998.0247574295,20960.53,14000.0,6998.02,0.0,0.0,0.0,Jan-2017,349.2,Feb-2018,0,1,Individual,0,0,0,0,0,N,Cash,N,,,,,,
4500,4500,4475.0,60 months,10.65%,97.06,B,B2,barnes distribution,< 1 year,MORTGAGE,42000.0,Source Verified,Dec-2011,Fully Paid,n,Borrower added on 12/20/11 > The loan is to be used on buying a classic car at a very reduced price of the actual worth.<br>,car,Car Loan,750xx,TX,5.4,0,Feb-1983,0,,,4,0,8220,78.3%,9,f,0.0,0.0,4910.6738556028995,4883.39,4500.0,410.67,0.0,0.0,0.0,Dec-2012,3946.24,Dec-2012,0,1,Individual,0,0,0,0,0,N,Cash,N,,,,,,
12000,12000,12000.0,36 months,16.29%,423.61,D,D1,Phoenix Newspapers Inc.,9 years,RENT,88365.0,Verified,Dec-2011,Fully Paid,n,Borrower added on 12/14/11 > looking to pay off my 401(k) loan<br> Borrower added on 12/14/11 > 401(k)<br>,debt_consolidation,loan payoff,852xx,AZ,16.85,0,Oct-1996,0,,,6,0,22936,96.4%,15,f,0.0,0.0,14688.341534173302,14688.34,12000.0,2688.34,0.0,0.0,0.0,Nov-2013,5800.45,Oct-2016,0,1,Individual,0,0,0,0,0,N,Cash,N,,,,,,
12000,12000,12000.0,36 months,13.49%,407.17,C,C1,LITHIA MOTORS,4 years,RENT,72000.0,Source Verified,Dec-2011,Fully Paid,n,"Borrower added on 12/14/11 > I HAVE SOME CREDIT CARDS I WANT TO PAY THE BALANCES ALL THE WAY DOWN AND I ALSO HAVE A FEW LOANS ALL TOGETHER THEY TOTAL ABOUT 1,000.00 A MONTH WITH THIS LOAN I CAN CUT MY EXPENSES IN HALF AND RAISE MY CREDIT SCORE UP BY PAYING OFF THE REMAINING CREDIT CARDS THANKS<br><br>  Borrower added on 12/15/11 > THIS WILL HELP ME GET ONE STEP CLOSER TO PURCHASING MY FIRST HOME WITHIN THE NEXT 12-18 MONTHS.<br><br>  Borrower added on 12/19/11 > I want to say thank you to all of the investors who have invested in me.  Life has a way of teaching us things this is fantastic the Lending Club really does open up doors this will help me start the life that I have been thinking about for a long time once again thanks for your help.<br>",debt_consolidation,MAKE ON PAYMENT,937xx,CA,21.33,0,May-2003,1,,,11,0,3419,27.6%,19,f,0.0,0.0,13990.921316624399,13990.92,12000.0,1990.92,0.0,0.0,0.0,Apr-2014,426.26,Feb-2018,0,1,Individual,0,0,0,0,0,N,Cash,N,,,,,,
12000,12000,12000.0,36 months,10.65%,390.88,B,B2,Insight Global,< 1 year,RENT,62000.0,Verified,Dec-2011,Fully Paid,n,"Borrower added on 12/15/11 > with fixed amount of payments i know how much exactly my payoff target is. Plus, after payoff, my credit rating increases<br><br>  Borrower added on 12/19/11 > credit cards to be refinanced are above 19% APR. would be saving a lot of my money by paying them off with the loan.<br>",credit_card,Credit Card Refinance,750xx,TX,23.94,0,Jun-2002,0,,,10,0,20310,78.4%,51,f,0.0,0.0,12780.0723889535,12780.07,12000.0,780.07,0.0,0.0,0.0,Sep-2012,10046.57,Apr-2016,0,1,Individual,0,0,0,0,0,N,Cash,N,,,,,,
7000,7000,7000.0,36 months,10.65%,228.02,B,B2,Winghouse Corporation,3 years,MORTGAGE,43680.0,Not Verified,Dec-2011,Fully Paid,n,Borrower added on 12/14/11 > I plan on paying off all three of my credit cards.<br>,credit_card,Credit Card Consolidation,559xx,MN,5.38,0,Oct-2000,0,39.0,,7,0,6245,78.1%,11,f,0.0,0.0,7689.2736137148995,7689.27,7000.0,689.27,0.0,0.0,0.0,Feb-2013,4958.61,Feb-2013,0,1,Individual,0,0,0,0,0,N,Cash,N,,,,,,
8200,8200,8200.0,60 months,19.42%,214.62,E,E3,Claret Wine Bar,3 years,RENT,120000.0,Source Verified,Dec-2011,Fully Paid,n,,debt_consolidation,Debit consolidation,104xx,NY,2.8,0,Jun-2007,2,,,5,0,10392,88.4%,6,f,0.0,0.0,11909.4500122327,11909.45,8200.0,3709.45,0.0,0.0,0.0,Dec-2014,4625.07,Feb-2018,0,1,Individual,0,0,0,0,0,N,Cash,N,,,,,,
10500,10500,10500.0,36 months,12.69%,352.23,B,B5,O'Connor,10+ years,RENT,66000.0,Verified,Dec-2011,Fully Paid,n,"Borrower added on 12/21/11 > My job is  in the healthcare field. I specialize in a unique area not many people have the training for the job I do. I always have work, sometimes more then I can handle.<br><br> Borrower added on 12/21/11 > I have been at the same job for 11 yrs..<br>",medical,medical,950xx,CA,20.73,1,Sep-1998,2,10.0,,8,0,5790,51.2%,26,f,0.0,0.0,11233.319409561202,11233.32,10500.0,733.32,0.0,0.0,0.0,Oct-2012,4421.32,Jul-2017,0,1,Personal,0,0,0,0,0,N,Cash,N,,,,,,
7000,7000,7000.0,36 months,11.71%,231.54,B,B3,Harris,4 years,OWN,39120.0,Not Verified,Dec-2011,Fully Paid,n,,debt_consolidation,Emergency Loan,329xx,FL,21.01,0,Dec-1996,0,26.0,33.0,8,1,9414,52.4%,26,f,0.0,0.0,7933.9636228197005,7933.96,7000.0,933.96,0.0,0.0,0.0,Jun-2013,4235.03,Feb-2018,0,1,Individual,0,0,0,0,0,N,Cash,N,,,,,,
15300,15300,15275.0,60 months,22.06%,423.1,F,F4,OSSI,6 years,RENT,85000.0,Verified,Dec-2011,Fully Paid,n,,credit_card,Consolidation,226xx,VA,20.58,0,Feb-1984,2,56.0,,14,0,26524,89.7%,27,f,0.0,0.0,25385.0791544837,25343.6,15300.0,10085.08,0.0,0.0,0.0,Jan-2017,422.18,Dec-2016,0,1,Individual,0,0,0,0,0,N,Cash,N,,,,,,
20000,12800,12775.0,60 months,11.71%,282.86,B,B3,NCS Technologies,4 years,MORTGAGE,47800.0,Verified,Dec-2011,Fully Paid,n,,debt_consolidation,Bill Consolidation,226xx,VA,10.04,0,Nov-2001,0,,,15,0,16447,46.3%,27,f,0.0,0.0,15169.3054655385,15139.68,12800.0,2369.31,0.0,0.0,0.0,Nov-2013,9242.39,Feb-2017,0,1,Individual,0,0,0,0,0,N,Cash,N,,,,,,
17500,17500,17500.0,60 months,17.27%,437.47,D,D3,Travelers Insurance,7 years,MORTGAGE,45000.0,Not Verified,Dec-2011,Charged Off,n,Borrower added on 12/14/11 > Pay off credit card debit<br>,credit_card,Debit Free,992xx,WA,21.31,0,Sep-2002,2,,,13,0,20129,86.1%,26,f,0.0,0.0,10037.7,10037.7,3077.85,3473.25,0.0,3486.6,625.6169999983,Apr-2013,437.47,Oct-2016,0,1,Individual,0,0,0,0,0,N,Cash,N,,,,,,
3500,3500,3500.0,36 months,6.03%,106.53,A,A1,J&J Steel Inc,10+ years,MORTGAGE,83000.0,Verified,Dec-2011,Fully Paid,n,Borrower added on 12/14/11 > 1993 jeep wrangler<br>,car,Car Loan,614xx,IL,2.31,0,Jan-1986,0,35.0,,6,0,3092,13.4%,28,f,0.0,0.0,3834.8581710968,3834.86,3500.0,334.86,0.0,0.0,0.0,Jan-2015,107.86,Dec-2014,0,1,Individual,0,0,0,0,0,N,Cash,N,,,,,,
6000,6000,6000.0,60 months,12.69%,135.57,B,B5,Anadarko Petroleum Corporation,< 1 year,RENT,81000.0,Source Verified,Dec-2011,Fully Paid,n,Borrower added on 12/15/11 > The following is more information regarding the loan request:<br><br>1.) I plan to use the funds to pay for wedding expenses.<br><br>2.) I have never defaulted on a loan or filed for bunkruptcy.<br><br>3.) My job is very stable with great growth opportunities.<br><br><br>,major_purchase,Major Purchase Loan,802xx,CO,13.66,1,Nov-2004,0,20.0,,6,0,15102,50%,17,f,0.0,0.0,8134.048297833399,8134.05,6000.0,2134.05,0.0,0.0,0.0,Jan-2017,135.42,Dec-2016,0,1,Individual,0,0,0,0,0,N,Cash,N,,,,,,
